;;;11/11/21;;;11/11/21;;;11/11/21;;;11/11/21;;;11/11/21;;;11/11/21;;;11/11/21;;;11/11/21;;;11/11/21;
;;CONEGLIANO;;;;;;;;;;;;;;;;;;;;;;;;;;
;;CELESTE;;;BLU;;;VERDE;;;GIALLA;;;MARRONE;;;LILLA;;;ROSSA 1;;;ROSSA 2;;;ARANCIONE;;
1/1/22;sabato;;;;;;;;;;;;;;;;;;;;;;;;;;;
1/2/22;domenica;;;;;;;;;;;;;;;;;;;;;;;;;;;
1/3/22;lunedì;;;;UMIDO;VETRO 1;;;SECCO;;UMIDO;;;;CARTA;;;;;UMIDO;;;UMIDO;;;;;
1/4/22;martedì;UMIDO;;;;;;UMIDO;CARTA;;;;;UMIDO;;;UMIDO;;;;CARTA;;;VETRO;;;;
1/5/22;mercoledì;;;;;CARTA;;;;;;CARTA;;;SECCO;;;;;;SECCO;;;;;UMIDO;;
1/6/22;giovedì;;;;;;;;;;;;;;;;;;;;;;;;;;;
1/7/22;venerdì;UMIDO;;;;SECCO;;UMIDO;;;;;;UMIDO;;;UMIDO;CARTA;;;;;;CARTA;;;;
1/8/22;sabato;VETRO 1;CARTA;;UMIDO;;;;;;UMIDO;;;;;;;;;UMIDO;;;UMIDO;;;UMIDO + SECCO;CARTA;PLASTICA/LATTINE
1/9/22;domenica;;;;;;;;;;;;;;;;;;;;;;;;;;;
1/10/22;lunedì;;;;UMIDO;;;;VETRO 1;;UMIDO;;;;PLASTICA/LATTINE;;;SECCO;;UMIDO;;;UMIDO;;;;;
1/11/22;martedì;UMIDO;;;;;;UMIDO;PLASTICA/LATTINE;;;VETRO 2;;UMIDO;;;UMIDO;;;;PLASTICA/LATTINE;;;;;;;
1/12/22;mercoledì;;;;;PLASTICA/LATTINE;;;;;SECCO;PLASTICA/LATTINE;;;VETRO 2;;;;;;;;;SECCO;;UMIDO;;
1/13/22;giovedì;;PLASTICA/LATTINE;;UMIDO;;;;;;UMIDO;;;;;;;VETRO 2;;UMIDO;;;UMIDO;;;SECCO;CARTA;PLASTICA/LATTINE
1/14/22;venerdì;UMIDO;SECCO;;;;;UMIDO;;;;;;UMIDO;;;UMIDO;PLASTICA/LATTINE;;;;;;PLASTICA/LATTINE;;;;
1/15/22;sabato;;;;;;;;;;;;;;;;;;;;;;;;;UMIDO;;
1/16/22;domenica;;;;;;;;;;;;;;;;;;;;;;;;;;;
1/17/22;lunedì;;;;UMIDO;VETRO 2;;;SECCO;;UMIDO;;;;CARTA;;;;;UMIDO;;;UMIDO;;;;;
1/18/22;martedì;UMIDO;;;;;;UMIDO;CARTA;;;;;UMIDO;;;UMIDO;;;VETRO;CARTA;;;;;;;
1/19/22;mercoledì;;;;;CARTA;;;;;;CARTA;;;SECCO;;;;;;SECCO;;;;;UMIDO;;
1/20/22;giovedì;VETRO 2;CARTA;;UMIDO;;;;;;UMIDO;;;;;;;;;UMIDO;;;UMIDO;;;SECCO;CARTA;PLASTICA/LATTINE
1/21/22;venerdì;UMIDO;;;;SECCO;;UMIDO;;;;;;UMIDO;;;UMIDO;CARTA;;;;;;CARTA;;;;
1/22/22;sabato;;;;;;;;;;;;;;;;;;;;;;;;;UMIDO;;
1/23/22;domenica;;;;;;;;;;;;;;;;;;;;;;;;;;;
1/24/22;lunedì;;;;UMIDO;;;;VETRO 2;;UMIDO;;;;PLASTICA/LATTINE;;;SECCO;;UMIDO;;;UMIDO;;;;;
1/25/22;martedì;UMIDO;;;;;;UMIDO;PLASTICA/LATTINE;;;VETRO 1;;UMIDO;;;UMIDO;;;;PLASTICA/LATTINE;;;;;;;
1/26/22;mercoledì;;;;;PLASTICA/LATTINE;;;;;SECCO;PLASTICA/LATTINE;;;VETRO 1;;;;;;;;;SECCO;;UMIDO;;
1/27/22;giovedì;;PLASTICA/LATTINE;;UMIDO;;;;;;UMIDO;;;;;;;VETRO 1;;UMIDO;;;UMIDO;;;SECCO;CARTA;PLASTICA/LATTINE
1/28/22;venerdì;UMIDO;SECCO;;;;;UMIDO;;;;;;UMIDO;;;UMIDO;PLASTICA/LATTINE;;;;;;PLASTICA/LATTINE;;;;
1/29/22;sabato;;;;;;;;;;;;;;;;;;;;;;;;;UMIDO;;
1/30/22;domenica;;;;;;;;;;;;;;;;;;;;;;;;;;;
1/31/22;lunedì;;;;UMIDO;VETRO 1;;;SECCO;;UMIDO;;;;CARTA;;;;;UMIDO;;;UMIDO;;;;;
2/1/22;martedì;UMIDO;;;;;;UMIDO;CARTA;;;;;UMIDO;;;UMIDO;;;;CARTA;;;VETRO;;;;
2/2/22;mercoledì;;;;;CARTA;;;;;;CARTA;;;SECCO;;;;;;SECCO;;;;;UMIDO;;
2/3/22;giovedì;VETRO 1;CARTA;;UMIDO;;;;;;UMIDO;;;;;;;;;UMIDO;;;UMIDO;;;SECCO;CARTA;PLASTICA/LATTINE
2/4/22;venerdì;UMIDO;;;;SECCO;;UMIDO;;;;;;UMIDO;;;UMIDO;CARTA;;;;;;CARTA;;;;
2/5/22;sabato;;;;;;;;;;;;;;;;;;;;;;;;;UMIDO;;
2/6/22;domenica;;;;;;;;;;;;;;;;;;;;;;;;;;;
2/7/22;lunedì;;;;UMIDO;;;;VETRO 1;;UMIDO;;;;PLASTICA/LATTINE;;;SECCO;;UMIDO;;;UMIDO;;;;;
2/8/22;martedì;UMIDO;;;;;;UMIDO;PLASTICA/LATTINE;;;VETRO 2;;UMIDO;;;UMIDO;;;;PLASTICA/LATTINE;;;;;;;
2/9/22;mercoledì;;;;;PLASTICA/LATTINE;;;;;SECCO;PLASTICA/LATTINE;;;VETRO 2;;;;;;;;;SECCO;;UMIDO;;
2/10/22;giovedì;;PLASTICA/LATTINE;;UMIDO;;;;;;UMIDO;;;;;;;VETRO 2;;UMIDO;;;UMIDO;;;SECCO;CARTA;PLASTICA/LATTINE
2/11/22;venerdì;UMIDO;SECCO;;;;;UMIDO;;;;;;UMIDO;;;UMIDO;PLASTICA/LATTINE;;;;;;PLASTICA/LATTINE;;;;
2/12/22;sabato;;;;;;;;;;;;;;;;;;;;;;;;;UMIDO;;
2/13/22;domenica;;;;;;;;;;;;;;;;;;;;;;;;;;;
2/14/22;lunedì;;;;UMIDO;VETRO 2;;;SECCO;;UMIDO;;;;CARTA;;;;;UMIDO;;;UMIDO;;;;;
2/15/22;martedì;UMIDO;;;;;;UMIDO;CARTA;;;;;UMIDO;;;UMIDO;;;VETRO;CARTA;;;;;;;
2/16/22;mercoledì;;;;;CARTA;;;;;;CARTA;;;SECCO;;;;;;SECCO;;;;;UMIDO;;
2/17/22;giovedì;VETRO 2;CARTA;;UMIDO;;;;;;UMIDO;;;;;;;;;UMIDO;;;UMIDO;;;SECCO;CARTA;PLASTICA/LATTINE
2/18/22;venerdì;UMIDO;;;;SECCO;;UMIDO;;;;;;UMIDO;;;UMIDO;CARTA;;;;;;CARTA;;;;
2/19/22;sabato;;;;;;;;;;;;;;;;;;;;;;;;;UMIDO;;
2/20/22;domenica;;;;;;;;;;;;;;;;;;;;;;;;;;;
2/21/22;lunedì;;;;UMIDO;;;;VETRO 2;;UMIDO;;;;PLASTICA/LATTINE;;;SECCO;;UMIDO;;;UMIDO;;;;;
2/22/22;martedì;UMIDO;;;;;;UMIDO;PLASTICA/LATTINE;;;VETRO 1;;UMIDO;;;UMIDO;;;;PLASTICA/LATTINE;;;;;;;
2/23/22;mercoledì;;;;;PLASTICA/LATTINE;;;;;SECCO;PLASTICA/LATTINE;;;VETRO 1;;;;;;;;;SECCO;;UMIDO;;
2/24/22;giovedì;;PLASTICA/LATTINE;;UMIDO;;;;;;UMIDO;;;;;;;VETRO 1;;UMIDO;;;UMIDO;;;SECCO;CARTA;PLASTICA/LATTINE
2/25/22;venerdì;UMIDO;SECCO;;;;;UMIDO;;;;;;UMIDO;;;UMIDO;PLASTICA/LATTINE;;;;;;PLASTICA/LATTINE;;;;
2/26/22;sabato;;;;;;;;;;;;;;;;;;;;;;;;;UMIDO;;
2/27/22;domenica;;;;;;;;;;;;;;;;;;;;;;;;;;;
2/28/22;lunedì;;;;UMIDO;VETRO 1;;;SECCO;;UMIDO;;;;CARTA;;;;;UMIDO;;;UMIDO;;;;;
3/1/22;martedì;UMIDO;;;;;;UMIDO;CARTA;;;;;UMIDO;;;UMIDO;;;;CARTA;;;VETRO;;;;
3/2/22;mercoledì;;;;;CARTA;;;;;;CARTA;;;SECCO;;;;;;SECCO;;;;;UMIDO;;
3/3/22;giovedì;VETRO 1;CARTA;;UMIDO;;;;;;UMIDO;;;;;;;;;UMIDO;;;UMIDO;;;SECCO;CARTA;PLASTICA/LATTINE
3/4/22;venerdì;UMIDO;;;;SECCO;;UMIDO;;;;;;UMIDO;;;UMIDO;CARTA;;;;;;CARTA;;;;
3/5/22;sabato;;;;;;;;;;;;;;;;;;;;;;;;;UMIDO;;
3/6/22;domenica;;;;;;;;;;;;;;;;;;;;;;;;;;;
3/7/22;lunedì;;;;UMIDO;;;;VETRO 1;;UMIDO;;;;PLASTICA/LATTINE;;;SECCO;;UMIDO;;;UMIDO;;;;;
3/8/22;martedì;UMIDO;;;;;;UMIDO;PLASTICA/LATTINE;;;VETRO 2;;UMIDO;;;UMIDO;;;;PLASTICA/LATTINE;;;;;;;
3/9/22;mercoledì;;;;;PLASTICA/LATTINE;;;;;SECCO;PLASTICA/LATTINE;;;VETRO 2;;;;;;;;;SECCO;;UMIDO;;
3/10/22;giovedì;;PLASTICA/LATTINE;;UMIDO;;;;;;UMIDO;;;;;;;VETRO 2;;UMIDO;;;UMIDO;;;SECCO;CARTA;PLASTICA/LATTINE
3/11/22;venerdì;UMIDO;SECCO;;;;;UMIDO;;;;;;UMIDO;;;UMIDO;PLASTICA/LATTINE;;;;;;PLASTICA/LATTINE;;;;
3/12/22;sabato;;;;;;;;;;;;;;;;;;;;;;;;;UMIDO;;
3/13/22;domenica;;;;;;;;;;;;;;;;;;;;;;;;;;;
3/14/22;lunedì;;;;UMIDO;VETRO 2;;;SECCO;;UMIDO;;;;CARTA;;;;;UMIDO;;;UMIDO;;;;;
3/15/22;martedì;UMIDO;;;;;;UMIDO;CARTA;;;;;UMIDO;;;UMIDO;;;VETRO;CARTA;;;;;;;
3/16/22;mercoledì;;;;;CARTA;;;;;;CARTA;;;SECCO;;;;;;SECCO;;;;;UMIDO;;
3/17/22;giovedì;VETRO 2;CARTA;;UMIDO;;;;;;UMIDO;;;;;;;;;UMIDO;;;UMIDO;;;SECCO;CARTA;PLASTICA/LATTINE
3/18/22;venerdì;UMIDO;;;;SECCO;;UMIDO;;;;;;UMIDO;;;UMIDO;CARTA;;;;;;CARTA;;;;
3/19/22;sabato;;;;;;;;;;;;;;;;;;;;;;;;;UMIDO;;
3/20/22;domenica;;;;;;;;;;;;;;;;;;;;;;;;;;;
3/21/22;lunedì;;;;UMIDO;;;;VETRO 2;;UMIDO;;;;PLASTICA/LATTINE;;;SECCO;;UMIDO;;;UMIDO;;;;;
3/22/22;martedì;UMIDO;;;;;;UMIDO;PLASTICA/LATTINE;;;VETRO 1;;UMIDO;;;UMIDO;;;;PLASTICA/LATTINE;;;;;;;
3/23/22;mercoledì;;;;;PLASTICA/LATTINE;;;;;SECCO;PLASTICA/LATTINE;;;VETRO 1;;;;;;;;;SECCO;;UMIDO;;
3/24/22;giovedì;;PLASTICA/LATTINE;;UMIDO;;;;;;UMIDO;;;;;;;VETRO 1;;UMIDO;;;UMIDO;;;SECCO;CARTA;PLASTICA/LATTINE
3/25/22;venerdì;UMIDO;SECCO;;;;;UMIDO;;;;;;UMIDO;;;UMIDO;PLASTICA/LATTINE;;;;;;PLASTICA/LATTINE;;;;
3/26/22;sabato;;;;;;;;;;;;;;;;;;;;;;;;;UMIDO;;
3/27/22;domenica;;;;;;;;;;;;;;;;;;;;;;;;;;;
3/28/22;lunedì;;;;UMIDO;VETRO 1;;;SECCO;;UMIDO;;;;CARTA;;;;;UMIDO;;;UMIDO;;;;;
3/29/22;martedì;UMIDO;;;;;;UMIDO;CARTA;;;;;UMIDO;;;UMIDO;;;;CARTA;;;VETRO;;;;
3/30/22;mercoledì;;;;;CARTA;;;;;;CARTA;;;SECCO;;;;;;SECCO;;;;;UMIDO;;
3/31/22;giovedì;VETRO 1;CARTA;;UMIDO;;;;;;UMIDO;;;;;;;;;UMIDO;;;UMIDO;;;SECCO;CARTA;PLASTICA/LATTINE
4/1/22;venerdì;UMIDO;;;;SECCO;;UMIDO;;;;;;UMIDO;;;UMIDO;CARTA;;;;;;CARTA;;;;
4/2/22;sabato;;;;;;;;;;;;;;;;;;;;;;;;;UMIDO;;
4/3/22;domenica;;;;;;;;;;;;;;;;;;;;;;;;;;;
4/4/22;lunedì;;;;UMIDO;;;;VETRO 1;;UMIDO;;;;PLASTICA/LATTINE;;;SECCO;;UMIDO;;;UMIDO;;;;;
4/5/22;martedì;UMIDO;;;;;;UMIDO;PLASTICA/LATTINE;;;VETRO 2;;UMIDO;;;UMIDO;;;;PLASTICA/LATTINE;;;;;;;
4/6/22;mercoledì;;;;;PLASTICA/LATTINE;;;;;SECCO;PLASTICA/LATTINE;;;VETRO 2;;;;;;;;;SECCO;;UMIDO;;
4/7/22;giovedì;;PLASTICA/LATTINE;;UMIDO;;;;;;UMIDO;;;;;;;VETRO 2;;UMIDO;;;UMIDO;;;SECCO;CARTA;PLASTICA/LATTINE
4/8/22;venerdì;UMIDO;SECCO;;;;;UMIDO;;;;;;UMIDO;;;UMIDO;PLASTICA/LATTINE;;;;;;PLASTICA/LATTINE;;;;
4/9/22;sabato;;;;;;;;;;;;;;;;;;;;;;;;;UMIDO;;
4/10/22;domenica;;;;;;;;;;;;;;;;;;;;;;;;;;;
4/11/22;lunedì;;;;UMIDO;VETRO 2;;;SECCO;;UMIDO;;;;CARTA;;;;;UMIDO;;;UMIDO;;;;;
4/12/22;martedì;UMIDO;;;;;;UMIDO;CARTA;;;;;UMIDO;;;UMIDO;;;VETRO;CARTA;;;;;;;
4/13/22;mercoledì;;;;;CARTA;;;;;;CARTA;;;SECCO;;;;;;SECCO;;;;;UMIDO;;
4/14/22;giovedì;VETRO 2;CARTA;;UMIDO;;;;;;UMIDO;;;;;;;;;UMIDO;;;UMIDO;;;SECCO;CARTA;PLASTICA/LATTINE
4/15/22;venerdì;UMIDO;;;;SECCO;;UMIDO;;;;;;UMIDO;;;UMIDO;CARTA;;;;;;CARTA;;;;
4/16/22;sabato;;;;UMIDO;;;;;;UMIDO;;;;;;;;;UMIDO;;;UMIDO;;;UMIDO;;
4/17/22;domenica;;;;;;;;;;;;;;;;;;;;;;;;;;;
4/18/22;lunedì;;;;;;;;;;;;;;;;;;;;;;;;;;;
4/19/22;martedì;UMIDO;;;;;;UMIDO;PLASTICA/LATTINE;;;VETRO 1;;UMIDO;;;UMIDO;;;;PLASTICA/LATTINE;;;;;;;
4/20/22;mercoledì;;;;;PLASTICA/LATTINE;;;;;SECCO;PLASTICA/LATTINE;;;VETRO 1;;;;;;;;;SECCO;;UMIDO;;
4/21/22;giovedì;;PLASTICA/LATTINE;;UMIDO;;;;;;UMIDO;;;;;;;VETRO 1;;UMIDO;;;UMIDO;;;SECCO;CARTA;PLASTICA/LATTINE
4/22/22;venerdì;UMIDO;SECCO;;;;;UMIDO;;;;;;UMIDO;;;UMIDO;PLASTICA/LATTINE;;;;;;PLASTICA/LATTINE;;;;
4/23/22;sabato;;;;UMIDO;;;;VETRO 2;;UMIDO;;;;PLASTICA/LATTINE;;;SECCO;;UMIDO;;;UMIDO;;;UMIDO;;
4/24/22;domenica;;;;;;;;;;;;;;;;;;;;;;;;;;;
4/25/22;lunedì;;;;;;;;;;;;;;;;;;;;;;;;;;;
4/26/22;martedì;UMIDO;;;;;;UMIDO;CARTA;;;;;UMIDO;;;UMIDO;;;;CARTA;;;VETRO;;;;
4/27/22;mercoledì;;;;;CARTA;;;;;;CARTA;;;SECCO;;;;;;SECCO;;;;;UMIDO;;
4/28/22;giovedì;VETRO 1;CARTA;;UMIDO;;;;;;UMIDO;;;;;;;;;UMIDO;;;UMIDO;;;SECCO;CARTA;PLASTICA/LATTINE
4/29/22;venerdì;UMIDO;;;;SECCO;;UMIDO;;;;;;UMIDO;;;UMIDO;CARTA;;;;;;CARTA;;;;
4/30/22;sabato;;;;;VETRO 1;;;SECCO;;;;;;CARTA;;;;;;;;;;;UMIDO;;
5/1/22;domenica;;;;;;;;;;;;;;;;;;;;;;;;;;;
5/2/22;lunedì;;;;UMIDO;;;;VETRO 1;;UMIDO;;;;PLASTICA/LATTINE;;;SECCO;;UMIDO;;;UMIDO;;;UMIDO;;
5/3/22;martedì;UMIDO;;;;;;UMIDO;PLASTICA/LATTINE;;;VETRO 2;;UMIDO;;;UMIDO;;;;PLASTICA/LATTINE;;;;;;;
5/4/22;mercoledì;;;;;PLASTICA/LATTINE;;;;;SECCO;PLASTICA/LATTINE;;;VETRO 2;;;;;;;;;SECCO;;UMIDO;;
5/5/22;giovedì;;PLASTICA/LATTINE;;UMIDO;;;;;;UMIDO;;;;;;;VETRO 2;;UMIDO;;;UMIDO;;;SECCO;CARTA;PLASTICA/LATTINE
5/6/22;venerdì;UMIDO;SECCO;;;;;UMIDO;;;;;;UMIDO;;;UMIDO;PLASTICA/LATTINE;;;;;;PLASTICA/LATTINE;;;;
5/7/22;sabato;;;;;;;;;;;;;;;;;;;;;;;;;UMIDO;;
5/8/22;domenica;;;;;;;;;;;;;;;;;;;;;;;;;;;
5/9/22;lunedì;;;;UMIDO;VETRO 2;;;SECCO;;UMIDO;;;;CARTA;;;;;UMIDO;;;UMIDO;;;UMIDO;;
5/10/22;martedì;UMIDO;;;;;;UMIDO;CARTA;;;;;UMIDO;;;UMIDO;;;VETRO;CARTA;;;;;;;
5/11/22;mercoledì;;;;;CARTA;;;;;;CARTA;;;SECCO;;;;;;SECCO;;;;;UMIDO;;
5/12/22;giovedì;VETRO 2;CARTA;;UMIDO;;;;;;UMIDO;;;;;;;;;UMIDO;;;UMIDO;;;SECCO;CARTA;PLASTICA/LATTINE
5/13/22;venerdì;UMIDO;;;;SECCO;;UMIDO;;;;;;UMIDO;;;UMIDO;CARTA;;;;;;CARTA;;;;
5/14/22;sabato;;;;;;;;;;;;;;;;;;;;;;;;;UMIDO;;
5/15/22;domenica;;;;;;;;;;;;;;;;;;;;;;;;;;;
5/16/22;lunedì;;;;UMIDO;;;;VETRO 2;;UMIDO;;;;PLASTICA/LATTINE;;;SECCO;;UMIDO;;;UMIDO;;;UMIDO;;
5/17/22;martedì;UMIDO;;;;;;UMIDO;PLASTICA/LATTINE;;;VETRO 1;;UMIDO;;;UMIDO;;;;PLASTICA/LATTINE;;;;;;;
5/18/22;mercoledì;;;;;PLASTICA/LATTINE;;;;;SECCO;PLASTICA/LATTINE;;;VETRO 1;;;;;;;;;SECCO;;UMIDO;;
5/19/22;giovedì;;PLASTICA/LATTINE;;UMIDO;;;;;;UMIDO;;;;;;;VETRO 1;;UMIDO;;;UMIDO;;;SECCO;CARTA;PLASTICA/LATTINE
5/20/22;venerdì;UMIDO;SECCO;;;;;UMIDO;;;;;;UMIDO;;;UMIDO;PLASTICA/LATTINE;;;;;;PLASTICA/LATTINE;;;;
5/21/22;sabato;;;;;;;;;;;;;;;;;;;;;;;;;UMIDO;;
5/22/22;domenica;;;;;;;;;;;;;;;;;;;;;;;;;;;
5/23/22;lunedì;;;;UMIDO;VETRO 1;;;SECCO;;UMIDO;;;;CARTA;;;;;UMIDO;;;UMIDO;;;UMIDO;;
5/24/22;martedì;UMIDO;;;;;;UMIDO;CARTA;;;;;UMIDO;;;UMIDO;;;;CARTA;;;VETRO;;;;
5/25/22;mercoledì;;;;;CARTA;;;;;;CARTA;;;SECCO;;;;;;SECCO;;;;;UMIDO;;
5/26/22;giovedì;VETRO 1;CARTA;;UMIDO;;;;;;UMIDO;;;;;;;;;UMIDO;;;UMIDO;;;SECCO;CARTA;PLASTICA/LATTINE
5/27/22;venerdì;UMIDO;;;;SECCO;;UMIDO;;;;;;UMIDO;;;UMIDO;CARTA;;;;;;CARTA;;;;
5/28/22;sabato;;;;;;;;;;;;;;;;;;;;;;;;;UMIDO;;
5/29/22;domenica;;;;;;;;;;;;;;;;;;;;;;;;;;;
5/30/22;lunedì;;;;UMIDO;;;;VETRO 1;;UMIDO;;;;PLASTICA/LATTINE;;;SECCO;;UMIDO;;;UMIDO;;;UMIDO;;
5/31/22;martedì;UMIDO;;;;;;UMIDO;PLASTICA/LATTINE;;;VETRO 2;;UMIDO;;;UMIDO;;;;PLASTICA/LATTINE;;;;;;;
6/1/22;mercoledì;;;;;PLASTICA/LATTINE;;;;;SECCO;PLASTICA/LATTINE;;;VETRO 2;;;;;;;;;SECCO;;UMIDO;;
6/2/22;giovedì;;;;;;;;;;;;;;;;;;;;;;;;;;;
6/3/22;venerdì;UMIDO;SECCO;;;;;UMIDO;;;;;;UMIDO;;;UMIDO;PLASTICA/LATTINE;;;;;;PLASTICA/LATTINE;;;;
6/4/22;sabato;;PLASTICA/LATTINE;;UMIDO;;;;;;UMIDO;;;;;;;VETRO 2;;UMIDO;;;UMIDO;;;UMIDO + SECCO;CARTA;PLASTICA/LATTINE
6/5/22;domenica;;;;;;;;;;;;;;;;;;;;;;;;;;;
6/6/22;lunedì;;;;UMIDO;VETRO 2;;;SECCO;;UMIDO;;;;CARTA;;;;;UMIDO;;;UMIDO;;;UMIDO;;
6/7/22;martedì;UMIDO;;;;;;UMIDO;CARTA;;;;;UMIDO;;;UMIDO;;;VETRO;CARTA;;;;;;;
6/8/22;mercoledì;;;;;CARTA;;;;;;CARTA;;;SECCO;;;;;;SECCO;;;;;UMIDO;;
6/9/22;giovedì;VETRO 2;CARTA;;UMIDO;;;;;;UMIDO;;;;;;;;;UMIDO;;;UMIDO;;;SECCO;CARTA;PLASTICA/LATTINE
6/10/22;venerdì;UMIDO;;;;SECCO;;UMIDO;;;;;;UMIDO;;;UMIDO;CARTA;;;;;;CARTA;;;;
6/11/22;sabato;;;;;;;;;;;;;;;;;;;;;;;;;UMIDO;;
6/12/22;domenica;;;;;;;;;;;;;;;;;;;;;;;;;;;
6/13/22;lunedì;;;;UMIDO;;;;VETRO 2;;UMIDO;;;;PLASTICA/LATTINE;;;SECCO;;UMIDO;;;UMIDO;;;UMIDO;;
6/14/22;martedì;UMIDO;;;;;;UMIDO;PLASTICA/LATTINE;;;VETRO 1;;UMIDO;;;UMIDO;;;;PLASTICA/LATTINE;;;;;;;
6/15/22;mercoledì;;;;;PLASTICA/LATTINE;;;;;SECCO;PLASTICA/LATTINE;;;VETRO 1;;;;;;;;;SECCO;;UMIDO;;
6/16/22;giovedì;;PLASTICA/LATTINE;;UMIDO;;;;;;UMIDO;;;;;;;VETRO 1;;UMIDO;;;UMIDO;;;SECCO;CARTA;PLASTICA/LATTINE
6/17/22;venerdì;UMIDO;SECCO;;;;;UMIDO;;;;;;UMIDO;;;UMIDO;PLASTICA/LATTINE;;;;;;PLASTICA/LATTINE;;;;
6/18/22;sabato;;;;;;;;;;;;;;;;;;;;;;;;;UMIDO;;
6/19/22;domenica;;;;;;;;;;;;;;;;;;;;;;;;;;;
6/20/22;lunedì;;;;UMIDO;VETRO 1;;;SECCO;;UMIDO;;;;CARTA;;;;;UMIDO;;;UMIDO;;;UMIDO;;
6/21/22;martedì;UMIDO;;;;;;UMIDO;CARTA;;;;;UMIDO;;;UMIDO;;;;CARTA;;;VETRO;;;;
6/22/22;mercoledì;;;;;CARTA;;;;;;CARTA;;;SECCO;;;;;;SECCO;;;;;UMIDO;;
6/23/22;giovedì;VETRO 1;CARTA;;UMIDO;;;;;;UMIDO;;;;;;;;;UMIDO;;;UMIDO;;;SECCO;CARTA;PLASTICA/LATTINE
6/24/22;venerdì;UMIDO;;;;SECCO;;UMIDO;;;;;;UMIDO;;;UMIDO;CARTA;;;;;;CARTA;;;;
6/25/22;sabato;;;;;;;;;;;;;;;;;;;;;;;;;UMIDO;;
6/26/22;domenica;;;;;;;;;;;;;;;;;;;;;;;;;;;
6/27/22;lunedì;;;;UMIDO;;;;VETRO 1;;UMIDO;;;;PLASTICA/LATTINE;;;SECCO;;UMIDO;;;UMIDO;;;UMIDO;;
6/28/22;martedì;UMIDO;;;;;;UMIDO;PLASTICA/LATTINE;;;VETRO 2;;UMIDO;;;UMIDO;;;;PLASTICA/LATTINE;;;;;;;
6/29/22;mercoledì;;;;;PLASTICA/LATTINE;;;;;SECCO;PLASTICA/LATTINE;;;VETRO 2;;;;;;;;;SECCO;;UMIDO;;
6/30/22;giovedì;;PLASTICA/LATTINE;;UMIDO;;;;;;UMIDO;;;;;;;VETRO 2;;UMIDO;;;UMIDO;;;SECCO;CARTA;PLASTICA/LATTINE
7/1/22;venerdì;UMIDO;SECCO;;;;;UMIDO;;;;;;UMIDO;;;UMIDO;PLASTICA/LATTINE;;;;;;PLASTICA/LATTINE;;;;
7/2/22;sabato;;;;;;;;;;;;;;;;;;;;;;;;;UMIDO;;
7/3/22;domenica;;;;;;;;;;;;;;;;;;;;;;;;;;;
7/4/22;lunedì;;;;UMIDO;VETRO 2;;;SECCO;;UMIDO;;;;CARTA;;;;;UMIDO;;;UMIDO;;;UMIDO;;
7/5/22;martedì;UMIDO;;;;;;UMIDO;CARTA;;;;;UMIDO;;;UMIDO;;;VETRO;CARTA;;;;;;;
7/6/22;mercoledì;;;;;CARTA;;;;;;CARTA;;;SECCO;;;;;;SECCO;;;;;UMIDO;;
7/7/22;giovedì;VETRO 2;CARTA;;UMIDO;;;;;;UMIDO;;;;;;;;;UMIDO;;;UMIDO;;;SECCO;CARTA;PLASTICA/LATTINE
7/8/22;venerdì;UMIDO;;;;SECCO;;UMIDO;;;;;;UMIDO;;;UMIDO;CARTA;;;;;;CARTA;;;;
7/9/22;sabato;;;;;;;;;;;;;;;;;;;;;;;;;UMIDO;;
7/10/22;domenica;;;;;;;;;;;;;;;;;;;;;;;;;;;
7/11/22;lunedì;;;;UMIDO;;;;VETRO 2;;UMIDO;;;;PLASTICA/LATTINE;;;SECCO;;UMIDO;;;UMIDO;;;UMIDO;;
7/12/22;martedì;UMIDO;;;;;;UMIDO;PLASTICA/LATTINE;;;VETRO 1;;UMIDO;;;UMIDO;;;;PLASTICA/LATTINE;;;;;;;
7/13/22;mercoledì;;;;;PLASTICA/LATTINE;;;;;SECCO;PLASTICA/LATTINE;;;VETRO 1;;;;;;;;;SECCO;;UMIDO;;
7/14/22;giovedì;;PLASTICA/LATTINE;;UMIDO;;;;;;UMIDO;;;;;;;VETRO 1;;UMIDO;;;UMIDO;;;SECCO;CARTA;PLASTICA/LATTINE
7/15/22;venerdì;UMIDO;SECCO;;;;;UMIDO;;;;;;UMIDO;;;UMIDO;PLASTICA/LATTINE;;;;;;PLASTICA/LATTINE;;;;
7/16/22;sabato;;;;;;;;;;;;;;;;;;;;;;;;;UMIDO;;
7/17/22;domenica;;;;;;;;;;;;;;;;;;;;;;;;;;;
7/18/22;lunedì;;;;UMIDO;VETRO 1;;;SECCO;;UMIDO;;;;CARTA;;;;;UMIDO;;;UMIDO;;;UMIDO;;
7/19/22;martedì;UMIDO;;;;;;UMIDO;CARTA;;;;;UMIDO;;;UMIDO;;;;CARTA;;;VETRO;;;;
7/20/22;mercoledì;;;;;CARTA;;;;;;CARTA;;;SECCO;;;;;;SECCO;;;;;UMIDO;;
7/21/22;giovedì;VETRO 1;CARTA;;UMIDO;;;;;;UMIDO;;;;;;;;;UMIDO;;;UMIDO;;;SECCO;CARTA;PLASTICA/LATTINE
7/22/22;venerdì;UMIDO;;;;SECCO;;UMIDO;;;;;;UMIDO;;;UMIDO;CARTA;;;;;;CARTA;;;;
7/23/22;sabato;;;;;;;;;;;;;;;;;;;;;;;;;UMIDO;;
7/24/22;domenica;;;;;;;;;;;;;;;;;;;;;;;;;;;
7/25/22;lunedì;;;;UMIDO;;;;VETRO 1;;UMIDO;;;;PLASTICA/LATTINE;;;SECCO;;UMIDO;;;UMIDO;;;UMIDO;;
7/26/22;martedì;UMIDO;;;;;;UMIDO;PLASTICA/LATTINE;;;VETRO 2;;UMIDO;;;UMIDO;;;;PLASTICA/LATTINE;;;;;;;
7/27/22;mercoledì;;;;;PLASTICA/LATTINE;;;;;SECCO;PLASTICA/LATTINE;;;VETRO 2;;;;;;;;;SECCO;;UMIDO;;
7/28/22;giovedì;;PLASTICA/LATTINE;;UMIDO;;;;;;UMIDO;;;;;;;VETRO 2;;UMIDO;;;UMIDO;;;SECCO;CARTA;PLASTICA/LATTINE
7/29/22;venerdì;UMIDO;SECCO;;;;;UMIDO;;;;;;UMIDO;;;UMIDO;PLASTICA/LATTINE;;;;;;PLASTICA/LATTINE;;;;
7/30/22;sabato;;;;;;;;;;;;;;;;;;;;;;;;;UMIDO;;
7/31/22;domenica;;;;;;;;;;;;;;;;;;;;;;;;;;;
8/1/22;lunedì;;;;UMIDO;VETRO 2;;;SECCO;;UMIDO;;;;CARTA;;;;;UMIDO;;;UMIDO;;;UMIDO;;
8/2/22;martedì;UMIDO;;;;;;UMIDO;CARTA;;;;;UMIDO;;;UMIDO;;;VETRO;CARTA;;;;;;;
8/3/22;mercoledì;;;;;CARTA;;;;;;CARTA;;;SECCO;;;;;;SECCO;;;;;UMIDO;;
8/4/22;giovedì;VETRO 2;CARTA;;UMIDO;;;;;;UMIDO;;;;;;;;;UMIDO;;;UMIDO;;;SECCO;CARTA;PLASTICA/LATTINE
8/5/22;venerdì;UMIDO;;;;SECCO;;UMIDO;;;;;;UMIDO;;;UMIDO;CARTA;;;;;;CARTA;;;;
8/6/22;sabato;;;;;;;;;;;;;;;;;;;;;;;;;UMIDO;;
8/7/22;domenica;;;;;;;;;;;;;;;;;;;;;;;;;;;
8/8/22;lunedì;;;;UMIDO;;;;VETRO 2;;UMIDO;;;;PLASTICA/LATTINE;;;SECCO;;UMIDO;;;UMIDO;;;UMIDO;;
8/9/22;martedì;UMIDO;;;;;;UMIDO;PLASTICA/LATTINE;;;VETRO 1;;UMIDO;;;UMIDO;;;;PLASTICA/LATTINE;;;;;;;
8/10/22;mercoledì;;;;;PLASTICA/LATTINE;;;;;SECCO;PLASTICA/LATTINE;;;VETRO 1;;;;;;;;;SECCO;;UMIDO;;
8/11/22;giovedì;;PLASTICA/LATTINE;;UMIDO;;;;;;UMIDO;;;;;;;VETRO 1;;UMIDO;;;UMIDO;;;SECCO;CARTA;PLASTICA/LATTINE
8/12/22;venerdì;UMIDO;SECCO;;;;;UMIDO;;;;;;UMIDO;;;UMIDO;PLASTICA/LATTINE;;;;;;PLASTICA/LATTINE;;;;
8/13/22;sabato;;;;UMIDO;VETRO 1;;;SECCO;;UMIDO;;;;CARTA;;;;;UMIDO;;;UMIDO;;;UMIDO;;
8/14/22;domenica;;;;;;;;;;;;;;;;;;;;;;;;;;;
8/15/22;lunedì;;;;;;;;;;;;;;;;;;;;;;;;;;;
8/16/22;martedì;UMIDO;;;;;;UMIDO;CARTA;;;;;UMIDO;;;UMIDO;;;;CARTA;;;VETRO;;;;
8/17/22;mercoledì;;;;;CARTA;;;;;;CARTA;;;SECCO;;;;;;SECCO;;;;;UMIDO;;
8/18/22;giovedì;VETRO 1;CARTA;;UMIDO;;;;;;UMIDO;;;;;;;;;UMIDO;;;UMIDO;;;SECCO;CARTA;PLASTICA/LATTINE
8/19/22;venerdì;UMIDO;;;;SECCO;;UMIDO;;;;;;UMIDO;;;UMIDO;CARTA;;;;;;CARTA;;;;
8/20/22;sabato;;;;;;;;;;;;;;;;;;;;;;;;;UMIDO;;
8/21/22;domenica;;;;;;;;;;;;;;;;;;;;;;;;;;;
8/22/22;lunedì;;;;UMIDO;;;;VETRO 1;;UMIDO;;;;PLASTICA/LATTINE;;;SECCO;;UMIDO;;;UMIDO;;;UMIDO;;
8/23/22;martedì;UMIDO;;;;;;UMIDO;PLASTICA/LATTINE;;;VETRO 2;;UMIDO;;;UMIDO;;;;PLASTICA/LATTINE;;;;;;;
8/24/22;mercoledì;;;;;PLASTICA/LATTINE;;;;;SECCO;PLASTICA/LATTINE;;;VETRO 2;;;;;;;;;SECCO;;UMIDO;;
8/25/22;giovedì;;PLASTICA/LATTINE;;UMIDO;;;;;;UMIDO;;;;;;;VETRO 2;;UMIDO;;;UMIDO;;;SECCO;CARTA;PLASTICA/LATTINE
8/26/22;venerdì;UMIDO;SECCO;;;;;UMIDO;;;;;;UMIDO;;;UMIDO;PLASTICA/LATTINE;;;;;;PLASTICA/LATTINE;;;;
8/27/22;sabato;;;;;;;;;;;;;;;;;;;;;;;;;UMIDO;;
8/28/22;domenica;;;;;;;;;;;;;;;;;;;;;;;;;;;
8/29/22;lunedì;;;;UMIDO;VETRO 2;;;SECCO;;UMIDO;;;;CARTA;;;;;UMIDO;;;UMIDO;;;UMIDO;;
8/30/22;martedì;UMIDO;;;;;;UMIDO;CARTA;;;;;UMIDO;;;UMIDO;;;VETRO;CARTA;;;;;;;
8/31/22;mercoledì;;;;;CARTA;;;;;;CARTA;;;SECCO;;;;;;SECCO;;;;;UMIDO;;
9/1/22;giovedì;VETRO 2;CARTA;;UMIDO;;;;;;UMIDO;;;;;;;;;UMIDO;;;UMIDO;;;SECCO;CARTA;PLASTICA/LATTINE
9/2/22;venerdì;UMIDO;;;;SECCO;;UMIDO;;;;;;UMIDO;;;UMIDO;CARTA;;;;;;CARTA;;;;
9/3/22;sabato;;;;;;;;;;;;;;;;;;;;;;;;;UMIDO;;
9/4/22;domenica;;;;;;;;;;;;;;;;;;;;;;;;;;;
9/5/22;lunedì;;;;UMIDO;;;;VETRO 2;;UMIDO;;;;PLASTICA/LATTINE;;;SECCO;;UMIDO;;;UMIDO;;;UMIDO;;
9/6/22;martedì;UMIDO;;;;;;UMIDO;PLASTICA/LATTINE;;;VETRO 1;;UMIDO;;;UMIDO;;;;PLASTICA/LATTINE;;;;;;;
9/7/22;mercoledì;;;;;PLASTICA/LATTINE;;;;;SECCO;PLASTICA/LATTINE;;;VETRO 1;;;;;;;;;SECCO;;UMIDO;;
9/8/22;giovedì;;PLASTICA/LATTINE;;UMIDO;;;;;;UMIDO;;;;;;;VETRO 1;;UMIDO;;;UMIDO;;;SECCO;CARTA;PLASTICA/LATTINE
9/9/22;venerdì;UMIDO;SECCO;;;;;UMIDO;;;;;;UMIDO;;;UMIDO;PLASTICA/LATTINE;;;;;;PLASTICA/LATTINE;;;;
9/10/22;sabato;;;;;;;;;;;;;;;;;;;;;;;;;UMIDO;;
9/11/22;domenica;;;;;;;;;;;;;;;;;;;;;;;;;;;
9/12/22;lunedì;;;;UMIDO;VETRO 1;;;SECCO;;UMIDO;;;;CARTA;;;;;UMIDO;;;UMIDO;;;UMIDO;;
9/13/22;martedì;UMIDO;;;;;;UMIDO;CARTA;;;;;UMIDO;;;UMIDO;;;;CARTA;;;VETRO;;;;
9/14/22;mercoledì;;;;;CARTA;;;;;;CARTA;;;SECCO;;;;;;SECCO;;;;;UMIDO;;
9/15/22;giovedì;VETRO 1;CARTA;;UMIDO;;;;;;UMIDO;;;;;;;;;UMIDO;;;UMIDO;;;SECCO;CARTA;PLASTICA/LATTINE
9/16/22;venerdì;UMIDO;;;;SECCO;;UMIDO;;;;;;UMIDO;;;UMIDO;CARTA;;;;;;CARTA;;;;
9/17/22;sabato;;;;;;;;;;;;;;;;;;;;;;;;;UMIDO;;
9/18/22;domenica;;;;;;;;;;;;;;;;;;;;;;;;;;;
9/19/22;lunedì;;;;UMIDO;;;;VETRO 1;;UMIDO;;;;PLASTICA/LATTINE;;;SECCO;;UMIDO;;;;;;UMIDO;;
9/20/22;martedì;UMIDO;;;;;;UMIDO;PLASTICA/LATTINE;;;VETRO 2;;UMIDO;;;UMIDO;;;;PLASTICA/LATTINE;;;;;;;
9/21/22;mercoledì;;;;;PLASTICA/LATTINE;;;;;SECCO;PLASTICA/LATTINE;;;VETRO 2;;;;;;;;;SECCO;;UMIDO;;
9/22/22;giovedì;;PLASTICA/LATTINE;;UMIDO;;;;;;UMIDO;;;;;;;VETRO 2;;UMIDO;;;UMIDO;;;SECCO;CARTA;PLASTICA/LATTINE
9/23/22;venerdì;UMIDO;SECCO;;;;;UMIDO;;;;;;UMIDO;;;UMIDO;PLASTICA/LATTINE;;;;;;PLASTICA/LATTINE;;;;
9/24/22;sabato;;;;;;;;;;;;;;;;;;;;;;;;;UMIDO;;
9/25/22;domenica;;;;;;;;;;;;;;;;;;;;;;;;;;;
9/26/22;lunedì;;;;UMIDO;VETRO 2;;;SECCO;;UMIDO;;;;CARTA;;;;;UMIDO;;;UMIDO;;;UMIDO;;
9/27/22;martedì;UMIDO;;;;;;UMIDO;CARTA;;;;;UMIDO;;;UMIDO;;;VETRO;CARTA;;;;;;;
9/28/22;mercoledì;;;;;CARTA;;;;;;CARTA;;;SECCO;;;;;;SECCO;;;;;UMIDO;;
9/29/22;giovedì;VETRO 2;CARTA;;UMIDO;;;;;;UMIDO;;;;;;;;;UMIDO;;;UMIDO;;;SECCO;CARTA;PLASTICA/LATTINE
9/30/22;venerdì;UMIDO;;;;SECCO;;UMIDO;;;;;;UMIDO;;;UMIDO;CARTA;;;;;;CARTA;;;;
10/1/22;sabato;;;;;;;;;;;;;;;;;;;;;;;;;UMIDO;;
10/2/22;domenica;;;;;;;;;;;;;;;;;;;;;;;;;;;
10/3/22;lunedì;;;;UMIDO;;;;VETRO 2;;UMIDO;;;;PLASTICA/LATTINE;;;SECCO;;UMIDO;;;UMIDO;;;;;
10/4/22;martedì;UMIDO;;;;;;UMIDO;PLASTICA/LATTINE;;;VETRO 1;;UMIDO;;;UMIDO;;;;PLASTICA/LATTINE;;;;;;;
10/5/22;mercoledì;;;;;PLASTICA/LATTINE;;;;;SECCO;PLASTICA/LATTINE;;;VETRO 1;;;;;;;;;SECCO;;UMIDO;;
10/6/22;giovedì;;PLASTICA/LATTINE;;UMIDO;;;;;;UMIDO;;;;;;;VETRO 1;;UMIDO;;;UMIDO;;;SECCO;CARTA;PLASTICA/LATTINE
10/7/22;venerdì;UMIDO;SECCO;;;;;UMIDO;;;;;;UMIDO;;;UMIDO;PLASTICA/LATTINE;;;;;;PLASTICA/LATTINE;;;;
10/8/22;sabato;;;;;;;;;;;;;;;;;;;;;;;;;UMIDO;;
10/9/22;domenica;;;;;;;;;;;;;;;;;;;;;;;;;;;
10/10/22;lunedì;;;;UMIDO;VETRO 1;;;SECCO;;UMIDO;;;;CARTA;;;;;UMIDO;;;UMIDO;;;;;
10/11/22;martedì;UMIDO;;;;;;UMIDO;CARTA;;;;;UMIDO;;;UMIDO;;;;CARTA;;;VETRO;;;;
10/12/22;mercoledì;;;;;CARTA;;;;;;CARTA;;;SECCO;;;;;;SECCO;;;;;UMIDO;;
10/13/22;giovedì;VETRO 1;CARTA;;UMIDO;;;;;;UMIDO;;;;;;;;;UMIDO;;;UMIDO;;;SECCO;CARTA;PLASTICA/LATTINE
10/14/22;venerdì;UMIDO;;;;SECCO;;UMIDO;;;;;;UMIDO;;;UMIDO;CARTA;;;;;;CARTA;;;;
10/15/22;sabato;;;;;;;;;;;;;;;;;;;;;;;;;UMIDO;;
10/16/22;domenica;;;;;;;;;;;;;;;;;;;;;;;;;;;
10/17/22;lunedì;;;;UMIDO;;;;VETRO 1;;UMIDO;;;;PLASTICA/LATTINE;;;SECCO;;UMIDO;;;UMIDO;;;;;
10/18/22;martedì;UMIDO;;;;;;UMIDO;PLASTICA/LATTINE;;;VETRO 2;;UMIDO;;;UMIDO;;;;PLASTICA/LATTINE;;;;;;;
10/19/22;mercoledì;;;;;PLASTICA/LATTINE;;;;;SECCO;PLASTICA/LATTINE;;;VETRO 2;;;;;;;;;SECCO;;UMIDO;;
10/20/22;giovedì;;PLASTICA/LATTINE;;UMIDO;;;;;;UMIDO;;;;;;;VETRO 2;;UMIDO;;;UMIDO;;;SECCO;CARTA;PLASTICA/LATTINE
10/21/22;venerdì;UMIDO;SECCO;;;;;UMIDO;;;;;;UMIDO;;;UMIDO;PLASTICA/LATTINE;;;;;;PLASTICA/LATTINE;;;;
10/22/22;sabato;;;;;;;;;;;;;;;;;;;;;;;;;UMIDO;;
10/23/22;domenica;;;;;;;;;;;;;;;;;;;;;;;;;;;
10/24/22;lunedì;;;;UMIDO;VETRO 2;;;SECCO;;UMIDO;;;;CARTA;;;;;UMIDO;;;UMIDO;;;;;
10/25/22;martedì;UMIDO;;;;;;UMIDO;CARTA;;;;;UMIDO;;;UMIDO;;;VETRO;CARTA;;;;;;;
10/26/22;mercoledì;;;;;CARTA;;;;;;CARTA;;;SECCO;;;;;;SECCO;;;;;UMIDO;;
10/27/22;giovedì;VETRO 2;CARTA;;UMIDO;;;;;;UMIDO;;;;;;;;;UMIDO;;;UMIDO;;;SECCO;CARTA;PLASTICA/LATTINE
10/28/22;venerdì;UMIDO;;;;SECCO;;UMIDO;;;;;;UMIDO;;;UMIDO;CARTA;;;;;;CARTA;;;;
10/29/22;sabato;;;;;;;;;;;;;;;;;;;;;;;;;UMIDO;;
10/30/22;domenica;;;;;;;;;;;;;;;;;;;;;;;;;;;
10/31/22;lunedì;;;;UMIDO;;;;VETRO 2;;UMIDO;;;UMIDO;PLASTICA/LATTINE;;UMIDO;SECCO;;UMIDO;;;UMIDO;;;;;
11/1/22;martedì;;;;;;;;;;;;;;;;;;;;;;;;;;;
11/2/22;mercoledì;UMIDO;;;;PLASTICA/LATTINE;;UMIDO;;;SECCO;PLASTICA/LATTINE;;;VETRO 1;;;;;;;;;SECCO;;UMIDO;;
11/3/22;giovedì;;PLASTICA/LATTINE;;UMIDO;;;;;;UMIDO;;;;;;;VETRO 1;;UMIDO;;;UMIDO;;;SECCO;CARTA;PLASTICA/LATTINE
11/4/22;venerdì;UMIDO;SECCO;;;;;UMIDO;;;;;;UMIDO;;;UMIDO;PLASTICA/LATTINE;;;;;;PLASTICA/LATTINE;;;;
11/5/22;sabato;;;;;;;;PLASTICA/LATTINE;;;VETRO 1;;;;;;;;;PLASTICA/LATTINE;;;;;UMIDO;;
11/6/22;domenica;;;;;;;;;;;;;;;;;;;;;;;;;;;
11/7/22;lunedì;;;;UMIDO;VETRO 1;;;SECCO;;UMIDO;;;;CARTA;;;;;UMIDO;;;UMIDO;;;;;
11/8/22;martedì;UMIDO;;;;;;UMIDO;CARTA;;;;;UMIDO;;;UMIDO;;;;CARTA;;;VETRO;;;;
11/9/22;mercoledì;;;;;CARTA;;;;;;CARTA;;;SECCO;;;;;;SECCO;;;;;UMIDO;;
11/10/22;giovedì;VETRO 1;CARTA;;UMIDO;;;;;;UMIDO;;;;;;;;;UMIDO;;;UMIDO;;;SECCO;CARTA;PLASTICA/LATTINE
11/11/22;venerdì;UMIDO;;;;SECCO;;UMIDO;;;;;;UMIDO;;;UMIDO;CARTA;;;;;;CARTA;;;;
11/12/22;sabato;;;;;;;;;;;;;;;;;;;;;;;;;UMIDO;;
11/13/22;domenica;;;;;;;;;;;;;;;;;;;;;;;;;;;
11/14/22;lunedì;;;;UMIDO;;;;VETRO 1;;UMIDO;;;;PLASTICA/LATTINE;;;SECCO;;UMIDO;;;UMIDO;;;;;
11/15/22;martedì;UMIDO;;;;;;UMIDO;PLASTICA/LATTINE;;;VETRO 2;;UMIDO;;;UMIDO;;;;PLASTICA/LATTINE;;;;;;;
11/16/22;mercoledì;;;;;PLASTICA/LATTINE;;;;;SECCO;PLASTICA/LATTINE;;;VETRO 2;;;;;;;;;SECCO;;UMIDO;;
11/17/22;giovedì;;PLASTICA/LATTINE;;UMIDO;;;;;;UMIDO;;;;;;;VETRO 2;;UMIDO;;;UMIDO;;;SECCO;CARTA;PLASTICA/LATTINE
11/18/22;venerdì;UMIDO;SECCO;;;;;UMIDO;;;;;;UMIDO;;;UMIDO;PLASTICA/LATTINE;;;;;;PLASTICA/LATTINE;;;;
11/19/22;sabato;;;;;;;;;;;;;;;;;;;;;;;;;UMIDO;;
11/20/22;domenica;;;;;;;;;;;;;;;;;;;;;;;;;;;
11/21/22;lunedì;;;;UMIDO;VETRO 2;;;SECCO;;UMIDO;;;;CARTA;;;;;UMIDO;;;UMIDO;;;;;
11/22/22;martedì;UMIDO;;;;;;UMIDO;CARTA;;;;;UMIDO;;;UMIDO;;;VETRO;CARTA;;;;;;;
11/23/22;mercoledì;;;;;CARTA;;;;;;CARTA;;;SECCO;;;;;;SECCO;;;;;UMIDO;;
11/24/22;giovedì;VETRO 2;CARTA;;UMIDO;;;;;;UMIDO;;;;;;;;;UMIDO;;;UMIDO;;;SECCO;CARTA;PLASTICA/LATTINE
11/25/22;venerdì;UMIDO;;;;SECCO;;UMIDO;;;;;;UMIDO;;;UMIDO;CARTA;;;;;;CARTA;;;;
11/26/22;sabato;;;;;;;;;;;;;;;;;;;;;;;;;UMIDO;;
11/27/22;domenica;;;;;;;;;;;;;;;;;;;;;;;;;;;
11/28/22;lunedì;;;;UMIDO;;;;VETRO 2;;UMIDO;;;;PLASTICA/LATTINE;;;SECCO;;UMIDO;;;UMIDO;;;;;
11/29/22;martedì;UMIDO;;;;;;UMIDO;PLASTICA/LATTINE;;;VETRO 1;;UMIDO;;;UMIDO;;;;PLASTICA/LATTINE;;;;;;;
11/30/22;mercoledì;;;;;PLASTICA/LATTINE;;;;;SECCO;PLASTICA/LATTINE;;;VETRO 1;;;;;;;;;SECCO;;UMIDO;;
12/1/22;giovedì;;PLASTICA/LATTINE;;UMIDO;;;;;;UMIDO;;;;;;;VETRO 1;;UMIDO;;;UMIDO;;;SECCO;CARTA;PLASTICA/LATTINE
12/2/22;venerdì;UMIDO;SECCO;;;;;UMIDO;;;;;;UMIDO;;;UMIDO;PLASTICA/LATTINE;;;;;;PLASTICA/LATTINE;;;;
12/3/22;sabato;;;;;;;;;;;;;;;;;;;;;;;;;UMIDO;;
12/4/22;domenica;;;;;;;;;;;;;;;;;;;;;;;;;;;
12/5/22;lunedì;;;;UMIDO;VETRO 1;;;SECCO;;UMIDO;;;;CARTA;;;;;UMIDO;;;UMIDO;;;;;
12/6/22;martedì;UMIDO;;;;;;UMIDO;CARTA;;;;;UMIDO;;;UMIDO;;;;CARTA;;;VETRO;;;;
12/7/22;mercoledì;;;;;CARTA;;;;;;CARTA;;;SECCO;;;;;;SECCO;;;;;UMIDO;;
12/8/22;giovedì;;;;;;;;;;;;;;;;;;;;;;;;;;;
12/9/22;venerdì;UMIDO;;;;SECCO;;UMIDO;;;;;;UMIDO;;;UMIDO;CARTA;;;;;;CARTA;;;;
12/10/22;sabato;VETRO 1;CARTA;;UMIDO;;;;;;UMIDO ;;;;;;;;;UMIDO;;;UMIDO;;;UMIDO + SECCO;CARTA;PLASTICA/LATTINE
12/11/22;domenica;;;;;;;;;;;;;;;;;;;;;;;;;;;
12/12/22;lunedì;;;;UMIDO;;;;VETRO 1;;UMIDO;;;;PLASTICA/LATTINE;;;SECCO;;UMIDO;;;UMIDO;;;;;
12/13/22;martedì;UMIDO;;;;;;UMIDO;PLASTICA/LATTINE;;;VETRO 2;;UMIDO;;;UMIDO;;;;PLASTICA/LATTINE;;;;;;;
12/14/22;mercoledì;;;;;PLASTICA/LATTINE;;;;;SECCO;PLASTICA/LATTINE;;;VETRO 2;;;;;;;;;SECCO;;UMIDO;;
12/15/22;giovedì;;PLASTICA/LATTINE;;UMIDO;;;;;;UMIDO;;;;;;;VETRO 2;;UMIDO;;;UMIDO;;;SECCO;CARTA;PLASTICA/LATTINE
12/16/22;venerdì;UMIDO;SECCO;;;;;UMIDO;;;;;;UMIDO;;;UMIDO;PLASTICA/LATTINE;;;;;;PLASTICA/LATTINE;;;;
12/17/22;sabato;;;;;;;;;;;;;;;;;;;;;;;;;UMIDO;;
12/18/22;domenica;;;;;;;;;;;;;;;;;;;;;;;;;;;
12/19/22;lunedì;;;;UMIDO;VETRO 2;;;SECCO;;UMIDO;;;;CARTA;;;;;UMIDO;;;UMIDO;;;;;
12/20/22;martedì;UMIDO;;;;;;UMIDO;CARTA;;;;;UMIDO;;;UMIDO;;;VETRO;CARTA;;;;;;;
12/21/22;mercoledì;;;;;CARTA;;;;;;CARTA;;;SECCO;;;;;;SECCO;;;;;UMIDO;;
12/22/22;giovedì;VETRO 2;CARTA;;UMIDO;;;;;;UMIDO;;;;;;;;;UMIDO;;;UMIDO;;;SECCO;CARTA;PLASTICA/LATTINE
12/23/22;venerdì;UMIDO;;;;SECCO;;UMIDO;;;;;;UMIDO;;;UMIDO;CARTA;;;;;;CARTA;;;;
12/24/22;sabato;;;;UMIDO;;;;VETRO 2;;UMIDO;;;;PLASTICA/LATTINE;;;SECCO;;UMIDO;;;UMIDO;;;UMIDO;;
12/25/22;domenica;;;;;;;;;;;;;;;;;;;;;;;;;;;
12/26/22;lunedì;;;;;;;;;;;;;;;;;;;;;;;;;;;
12/27/22;martedì;UMIDO;;;;;;UMIDO;PLASTICA/LATTINE;;;VETRO 1;;UMIDO;;;UMIDO;;;;PLASTICA/LATTINE;;;;;;;
12/28/22;mercoledì;;;;;PLASTICA/LATTINE;;;;;SECCO;PLASTICA/LATTINE;;;VETRO 1;;;;;;;;;SECCO;;UMIDO;;
12/29/22;giovedì;;PLASTICA/LATTINE;;UMIDO;;;;;;UMIDO;;;;;;;VETRO 1;;UMIDO;;;UMIDO;;;SECCO;CARTA;PLASTICA/LATTINE
12/30/22;venerdì;UMIDO;SECCO;;;;;UMIDO;;;;;;UMIDO;;;UMIDO;PLASTICA/LATTINE;;;;;;PLASTICA/LATTINE;;;;
12/31/22;sabato;;;;;;;;;;;;;;;;;;;;;;;;;UMIDO;;
